,Annual_Income,Monthly_Inhand_Salary,ID,Occupation,Outstanding_Debt,Amount_invested_monthly,Monthly_Balance
0,19114.12,1824.8433333333328,5634,Scientist,809.98,21.465380264657146,312.49408867943663
1,19114.12,1824.8433333333328,5635,Scientist,809.98,21.465380264657146,284.62916249607184
2,19114.12,1824.8433333333328,5636,Scientist,809.98,21.465380264657146,331.2098628537912
3,19114.12,1824.8433333333328,5637,Scientist,809.98,21.465380264657146,223.45130972736783
4,19114.12,1824.8433333333328,5638,Scientist,809.98,21.465380264657146,341.48923103222177
5,19114.12,1824.8433333333328,5639,Scientist,809.98,21.465380264657146,340.4792117872438
6,19114.12,1824.8433333333328,5640,Scientist,809.98,21.465380264657146,244.5653167062043
7,19114.12,1824.8433333333328,5641,Scientist,809.98,21.465380264657146,358.12416760938714
8,34847.84,3037.986666666666,5646,Teacher,605.03,39.684018417945296,470.69062692529184
9,34847.84,3037.986666666666,5647,Teacher,605.03,39.684018417945296,484.5912142650067
10,34847.84,3037.986666666666,5648,Teacher,605.03,39.684018417945296,466.46647639764313
11,34847.84,3037.986666666666,5649,Teacher,605.03,39.684018417945296,465.6762241330048
12,34847.84,3037.986666666666,5650,Teacher,605.03,39.684018417945296,444.8670318506144
13,34847.84,3037.986666666666,5651,Teacher,605.03,39.684018417945296,481.505261949182
14,34847.84,3037.986666666666,5652,Teacher,605.03,39.684018417945296,464.8806778859809
15,34847.84,3037.986666666666,5653,Teacher,605.03,39.684018417945296,356.07810855965045
16,143162.64,12187.22,5658,Engineer,1303.01,168.413702679309,1043.3159778669492
17,143162.64,12187.22,5659,Engineer,1303.01,168.413702679309,998.8692967863226
18,143162.64,12187.22,5660,Engineer,1303.01,168.413702679309,715.741367403555
19,143162.64,12187.22,5661,Engineer,1303.01,168.413702679309,426.5134106068658
20,143162.64,12187.22,5662,Engineer,1303.01,168.413702679309,810.7821526659284
21,143162.64,12187.22,5663,Engineer,1303.01,168.413702679309,963.9215811205684
22,143162.64,12187.22,5664,Engineer,1303.01,168.413702679309,968.5555173846188
23,143162.64,12187.22,5665,Engineer,1303.01,168.413702679309,895.494583180492
24,30689.89,2612.4908333333333,5670,Entrepreneur,632.46,29.393311428984493,433.6047729627723
25,30689.89,2612.4908333333333,5671,Entrepreneur,632.46,29.393311428984493,409.95181177116
26,30689.89,2612.4908333333333,5672,Entrepreneur,632.46,29.393311428984493,411.42712287098345
27,30689.89,2612.4908333333333,5673,Entrepreneur,632.46,29.393311428984493,262.4995942778403
28,30689.89,2612.4908333333333,5674,Entrepreneur,632.46,29.393311428984493,359.37491550776383
29,30689.89,2612.4908333333333,5675,Entrepreneur,632.46,29.393311428984493,419.8807835023488
30,30689.89,2612.4908333333333,5676,Entrepreneur,632.46,29.393311428984493,443.5499567906391
31,30689.89,2612.4908333333333,5677,Entrepreneur,632.46,29.393311428984493,379.21638114119577
32,35547.71,2853.3091666666664,5682,Developer,943.86,37.64363788963997,288.60552234930395
33,35547.71,2853.3091666666664,5683,Developer,943.86,37.64363788963997,460.8872756166704
34,35547.71,2853.3091666666664,5684,Developer,943.86,37.64363788963997,392.1922656650829
35,35547.71,2853.3091666666664,5685,Developer,943.86,37.64363788963997,438.5454315807922
36,35547.71,2853.3091666666664,5686,Developer,943.86,37.64363788963997,482.6076383223166
37,35547.71,2853.3091666666664,5687,Developer,943.86,37.64363788963997,497.6872787770267
38,35547.71,2853.3091666666664,5688,Developer,943.86,37.64363788963997,394.31893393507744
39,35547.71,2853.3091666666664,5689,Developer,943.86,37.64363788963997,364.00001570479753
40,73928.46,5988.705000000001,5694,Lawyer,548.2,42.63559025189578,740.1960900583389
41,73928.46,5988.705000000001,5695,Lawyer,548.2,42.63559025189578,705.931285531244
42,73928.46,5988.705000000001,5696,Lawyer,548.2,42.63559025189578,698.8107657019921
43,73928.46,5988.705000000001,5697,Lawyer,548.2,42.63559025189578,270.66810874941655
44,73928.46,5988.705000000001,5698,Lawyer,548.2,42.63559025189578,690.9186643139128
45,73928.46,5988.705000000001,5699,Lawyer,548.2,42.63559025189578,633.0801749681799
46,73928.46,5988.705000000001,5700,Lawyer,548.2,42.63559025189578,510.3611004874053
47,73928.46,5988.705000000001,5701,Lawyer,548.2,42.63559025189578,796.2349097481042
48,131313.4,11242.783333333333,5706,Lawyer,352.16,86.56638801207531,858.462474411158
49,131313.4,11242.783333333333,5707,Lawyer,352.16,86.56638801207531,547.7604572149734
50,131313.4,10469.207759388815,5708,Lawyer,352.16,86.56638801207531,1038.5694068321734
51,131313.4,10469.207759388815,5709,Lawyer,352.16,86.56638801207531,899.1987716145285
52,131313.4,10469.207759388815,5710,Lawyer,352.16,86.56638801207531,963.2548189998564
53,131313.4,10469.207759388815,5711,Lawyer,352.16,86.56638801207531,1140.0673399198365
54,131313.4,10469.207759388815,5712,Lawyer,352.16,86.56638801207531,326.24183015224526
55,131313.4,10469.207759388815,5713,Lawyer,352.16,86.56638801207531,396.1113462137519
56,34081.38,2611.115,5718,Media_Manager,1704.18,29.32636371091455,298.19215813115227
57,34081.38,2611.115,5719,Media_Manager,1704.18,29.32636371091455,392.19618457022375
58,34081.38,2611.115,5720,Media_Manager,1704.18,29.32636371091455,260.9124018324295
59,34081.38,2611.115,5721,Media_Manager,1704.18,29.32636371091455,260.0809753987602
60,34081.38,2611.115,5722,Media_Manager,1704.18,29.32636371091455,397.2283547370202
61,34081.38,2611.115,5723,Media_Manager,1704.18,29.32636371091455,410.6743660782873
62,34081.38,2611.115,5724,Media_Manager,1704.18,29.32636371091455,395.1733866886684
63,34081.38,2611.115,5725,Media_Manager,1704.18,29.32636371091455,411.3068036170128
64,114838.41,9843.8675,5730,Doctor,1377.74,212.23560220847847,802.3004421328528
65,114838.41,9843.8675,5731,Doctor,1377.74,212.23560220847847,785.2583558699787
66,114838.41,9843.8675,5732,Doctor,1377.74,212.23560220847847,547.1081623988198
67,114838.41,9843.8675,5733,Doctor,1377.74,212.23560220847847,772.411908624267
68,114838.41,9843.8675,5734,Doctor,1377.74,212.23560220847847,367.6845938942932
69,114838.41,9843.8675,5735,Doctor,1377.74,212.23560220847847,491.11338755538793
70,114838.41,9843.8675,5736,Doctor,1377.74,212.23560220847847,792.0256603398883
71,114838.41,9843.8675,5737,Doctor,1377.74,212.23560220847847,742.9221908300779
72,31370.8,2825.233333333333,5742,Journalist,421.43,22.29805714008664,341.55442316289026
73,31370.8,2825.233333333333,5743,Journalist,421.43,22.29805714008664,227.1627349487646
74,31370.8,2825.233333333333,5744,Journalist,421.43,22.29805714008664,375.0865082781542
75,31370.8,2825.233333333333,5745,Journalist,421.43,22.29805714008664,292.3016778366485
76,31370.8,2825.233333333333,5746,Journalist,421.43,22.29805714008664,341.20663263941435
77,31370.8,2825.233333333333,5747,Journalist,421.43,22.29805714008664,378.18977936486505
78,31370.8,2825.233333333333,5748,Journalist,421.43,22.29805714008664,337.51230376982244
79,31370.8,2825.233333333333,5749,Journalist,421.43,22.29805714008664,273.2623770631024
80,33751.27,2948.605833333333,5754,Teacher,1328.93,25.192561910314712,362.5457119402324
81,33751.27,2948.605833333333,5755,Teacher,1328.93,25.192561910314712,399.7213311259382
82,33751.27,2948.605833333333,5756,Teacher,1328.93,25.192561910314712,229.6698268253028
83,33751.27,2948.605833333333,5757,Teacher,1328.93,25.192561910314712,444.6598471365032
84,33751.27,2948.605833333333,5758,Teacher,1328.93,25.192561910314712,276.5227242515123
85,33751.27,2948.605833333333,5759,Teacher,1328.93,25.192561910314712,406.9923272339233
86,33751.27,2948.605833333333,5760,Teacher,1328.93,25.192561910314712,444.4252395051343
87,33751.27,2948.605833333333,5761,Teacher,1328.93,25.192561910314712,443.88279713203934
88,88640.24,7266.686666666667,5766,Engineer,950.36,77.84134310772485,732.563531674279
89,88640.24,7266.686666666667,5767,Engineer,950.36,77.84134310772485,674.3205073907143
90,88640.24,7266.686666666667,5768,Engineer,950.36,77.84134310772485,543.3063842324688
91,88640.24,7266.686666666667,5769,Engineer,950.36,77.84134310772485,86.63611982901625
92,88640.24,7266.686666666667,5770,Engineer,950.36,77.84134310772485,561.8766736172248
93,88640.24,7266.686666666667,5771,Engineer,950.36,77.84134310772485,195.36907909976551
94,88640.24,7266.686666666667,5772,Engineer,950.36,77.84134310772485,667.4204738170387
95,88640.24,7266.686666666667,5773,Engineer,950.36,77.84134310772485,733.0533444127112
96,54392.16,4766.68,5778,Entrepreneur,179.22,33.349568589344514,378.54048018698535
97,54392.16,4766.68,5779,Entrepreneur,179.22,33.349568589344514,459.52405345965286
98,54392.16,4766.68,5780,Entrepreneur,179.22,33.349568589344514,558.9263489897351
99,54392.16,4766.68,5781,Entrepreneur,179.22,33.349568589344514,147.43368987341347
100,54392.16,4766.68,5782,Entrepreneur,179.22,33.349568589344514,409.15747216385233
101,54392.16,4766.68,5783,Entrepreneur,179.22,33.349568589344514,7.129357073661937
102,54392.16,4766.68,5784,Entrepreneur,179.22,33.349568589344514,464.1635141118658
103,54392.16,4766.68,5785,Entrepreneur,179.22,33.349568589344514,147.15801969696355
104,8701.545,519.12875,5790,Manager,2602.69,13.066209919444336,272.2984679091685
105,8701.545,519.12875,5791,Manager,2602.69,13.066209919444336,250.64951389296183
106,8701.545,519.12875,5792,Manager,2602.69,13.066209919444336,239.71370228386124
107,8701.545,519.12875,5793,Manager,2602.69,13.066209919444336,284.9744939516557
108,8701.545,519.12875,5794,Manager,2602.69,13.066209919444336,254.8777256299005
109,8701.545,519.12875,5795,Manager,2602.69,13.066209919444336,242.43306442147872
110,8701.545,519.12875,5796,Manager,2602.69,13.066209919444336,264.8928715293409
111,8701.545,519.12875,5797,Manager,2602.69,13.066209919444336,264.7720511316515
112,25546.26,2415.855,5802,Entrepreneur,758.44,19.356208441233957,337.1522635235368
113,25546.26,2415.855,5803,Entrepreneur,758.44,19.356208441233957,129.9336309554582
114,25546.26,2415.855,5804,Entrepreneur,758.44,19.356208441233957,319.0402758742555
115,25546.26,2415.855,5805,Entrepreneur,758.44,19.356208441233957,306.54211214470297
116,25546.26,2415.855,5806,Entrepreneur,758.44,19.356208441233957,118.2575151695921
117,25546.26,2415.855,5807,Entrepreneur,758.44,19.356208441233957,338.52611416415374
118,25546.26,2415.855,5808,Entrepreneur,758.44,19.356208441233957,299.9564688659588
119,25546.26,2415.855,5809,Entrepreneur,758.44,19.356208441233957,230.44100130267208
120,31993.78,2942.148333333333,5814,Scientist,818.22,23.27102220438635,447.0747000515962
121,31993.78,2942.148333333333,5815,Scientist,818.22,23.27102220438635,157.86980351234496
122,31993.78,2942.148333333333,5816,Scientist,818.22,23.27102220438635,274.8164466052998
123,31993.78,2942.148333333333,5817,Scientist,818.22,23.27102220438635,376.6212092263812
124,31993.78,2942.148333333333,5818,Scientist,818.22,23.27102220438635,455.6031264418064
125,31993.78,2942.148333333333,5819,Scientist,818.22,23.27102220438635,396.3496476766012
126,31993.78,2942.148333333333,5820,Scientist,818.22,23.27102220438635,404.5162989178708
127,31993.78,2942.148333333333,5821,Scientist,818.22,23.27102220438635,421.4853318638867
128,92047.08,7591.59,5826,Accountant,1296.64,59.28557022863863,854.5248768604907
129,92047.08,7591.59,5827,Accountant,1296.64,59.28557022863863,328.66361932701284
130,92047.08,7591.59,5828,Accountant,1296.64,59.28557022863863,823.7133773417005
131,92047.08,7591.59,5829,Accountant,1296.64,59.28557022863863,878.2514462337779
132,92047.08,7591.59,5830,Accountant,1296.64,59.28557022863863,920.4396545057372
133,92047.08,7591.59,5831,Accountant,1296.64,59.28557022863863,782.5739727857823
134,92047.08,7591.59,5832,Accountant,1296.64,59.28557022863863,939.8734297713614
135,92047.08,7591.59,5833,Accountant,1296.64,59.28557022863863,761.0743967007086
136,32284.62,2898.385,5838,Teacher,1283.37,35.793568414159616,211.93932455566463
137,32284.62,2898.385,5839,Teacher,1283.37,35.793568414159616,353.59063222806395
138,32284.62,2898.385,5840,Teacher,1283.37,35.793568414159616,391.00737123047446
139,32284.62,2898.385,5841,Teacher,1283.37,35.793568414159616,196.582685885413
140,32284.62,2898.385,5842,Teacher,1283.37,35.793568414159616,292.7811904266044
141,32284.62,2898.385,5843,Teacher,1283.37,35.793568414159616,204.5273897322577
142,32284.62,2898.385,5844,Teacher,1283.37,35.793568414159616,85.90209492602362
143,32284.62,2898.385,5845,Teacher,1283.37,35.793568414159616,117.02910735933534
144,97791.42,8079.285,5850,Musician,107.41,77.60922833984066,646.6819806304122
145,97791.42,8079.285,5851,Musician,107.41,77.60922833984066,755.2081802943327
146,97791.42,8079.285,5852,Musician,107.41,77.60922833984066,881.6642742251445
147,97791.42,7449.469346853578,5853,Musician,107.41,77.60922833984066,588.6834800182418
148,97791.42,7449.469346853578,5854,Musician,107.41,77.60922833984066,970.3192716601592
149,97791.42,7449.469346853578,5855,Musician,107.41,77.60922833984066,939.6245613800266
150,97791.42,7449.469346853578,5856,Musician,107.41,77.60922833984066,334.38769872809104
151,97791.42,7449.469346853578,5857,Musician,107.41,77.60922833984066,947.6102963746632
152,19300.34,1512.361666666667,5862,Entrepreneur,2430.21,44.50950984607408,312.4876885895601
153,19300.34,1512.361666666667,5863,Entrepreneur,2430.21,44.50950984607408,306.3658914338209
154,19300.34,1512.361666666667,5864,Entrepreneur,2430.21,44.50950984607408,230.84550850494605
155,19300.34,1512.361666666667,5865,Entrepreneur,2430.21,44.50950984607408,300.23607454743546
156,19300.34,1512.361666666667,5866,Entrepreneur,2430.21,44.50950984607408,218.62155364562184
157,19300.34,1512.361666666667,5867,Entrepreneur,2430.21,44.50950984607408,288.21665559341204
158,19300.34,1512.361666666667,5868,Entrepreneur,2430.21,44.50950984607408,250.68861456434425
159,19300.34,1512.361666666667,5869,Entrepreneur,2430.21,44.50950984607408,263.4785537238393
160,19514.88,1828.24,5874,Musician,881.4,43.315824459505386,382.6802728608033
161,19514.88,1828.24,5875,Musician,881.4,43.315824459505386,381.8960652385857
162,19514.88,1828.24,5876,Musician,881.4,43.315824459505386,389.5081755404946
163,19514.88,1828.24,5877,Musician,881.4,43.315824459505386,387.43517968610496
164,19514.88,1828.24,5878,Musician,881.4,43.315824459505386,304.48253712380904
165,19514.88,1828.24,5879,Musician,881.4,43.315824459505386,321.4463602062691
166,19514.88,1828.24,5880,Musician,881.4,43.315824459505386,278.1928400258838
167,19514.88,1828.24,5881,Musician,881.4,43.315824459505386,343.6824585120372
168,10183.015,1074.5845833333333,5886,Media_Manager,1672.43,14.622739235117402,295.2476462600903
169,10183.015,1074.5845833333333,5887,Media_Manager,1672.43,14.622739235117402,267.5084354759118
170,10183.015,1074.5845833333333,5888,Media_Manager,1672.43,14.622739235117402,267.9864135590994
171,10183.015,1074.5845833333333,5889,Media_Manager,1672.43,14.622739235117402,283.0599697439025
172,10183.015,1074.5845833333333,5890,Media_Manager,1672.43,14.622739235117402,294.03912385443914
173,10183.015,1074.5845833333333,5891,Media_Manager,1672.43,14.622739235117402,285.9705244544092
174,10183.015,1074.5845833333333,5892,Media_Manager,1672.43,14.622739235117402,298.00665791718154
175,10183.015,1074.5845833333333,5893,Media_Manager,1672.43,14.622739235117402,288.747638140847
176,106733.13,8873.4275,5898,Entrepreneur,76.23,172.03282853259896,768.9823963390119
177,106733.13,8873.4275,5899,Entrepreneur,76.23,172.03282853259896,370.1359731642354
178,106733.13,8873.4275,5900,Entrepreneur,76.23,172.03282853259896,955.3099214674012
179,106733.13,8873.4275,5901,Entrepreneur,76.23,172.03282853259896,513.0553562593595
180,106733.13,8873.4275,5902,Entrepreneur,76.23,172.03282853259896,791.733614589316
181,106733.13,8873.4275,5903,Entrepreneur,76.23,172.03282853259896,913.0316546874346
182,106733.13,8873.4275,5904,Entrepreneur,76.23,172.03282853259896,936.3073773982208
183,106733.13,8873.4275,5905,Entrepreneur,76.23,172.03282853259896,792.5790252202852
184,12600.445,782.0370833333334,5910,Lawyer,569.8,0.0,284.2982044805207
185,12600.445,782.0370833333334,5911,Lawyer,569.8,0.0,238.98474288969095
186,12600.445,782.0370833333334,5912,Lawyer,569.8,0.0,310.117052861523
187,12600.445,782.0370833333334,5913,Lawyer,569.8,0.0,300.9941628933122
188,12600.445,782.0370833333334,5914,Lawyer,569.8,0.0,301.0607241028842
189,12600.445,782.0370833333334,5915,Lawyer,569.8,0.0,294.135294147935
190,12600.445,782.0370833333334,5916,Lawyer,569.8,0.0,275.2344649444218
191,12600.445,782.0370833333334,5917,Lawyer,569.8,0.0,275.76978080290314
192,57983.12,4720.926666666667,5922,Mechanic,3532.83,159.13672195005464,295.95384132335937
193,57983.12,4720.926666666667,5923,Mechanic,3532.83,159.13672195005464,327.78667784262745
194,57983.12,4720.926666666667,5924,Mechanic,3532.83,159.13672195005464,27.301874884033168
195,57983.12,4720.926666666667,5925,Mechanic,3532.83,159.13672195005464,324.0195577438599
196,57983.12,4720.926666666667,5926,Mechanic,3532.83,159.13672195005464,356.4099009976813
197,57983.12,4720.926666666667,5927,Mechanic,3532.83,159.13672195005464,27.301874884033168
198,57983.12,4720.926666666667,5928,Mechanic,3532.83,159.13672195005464,316.9280131621217
199,57983.12,4720.926666666667,5929,Mechanic,3532.83,159.13672195005464,362.5233313219053
200,20787.69,1999.3075,5934,Entrepreneur,614.6,21.74553122931893,253.3256223508209
201,20787.69,1999.3075,5935,Entrepreneur,614.6,21.74553122931893,345.0815769711927
202,20787.69,1999.3075,5936,Entrepreneur,614.6,21.74553122931893,337.536661711728
203,20787.69,1999.3075,5937,Entrepreneur,614.6,21.74553122931893,337.83390838075286
204,20787.69,1999.3075,5938,Entrepreneur,614.6,21.74553122931893,292.24781330009466
205,20787.69,1999.3075,5939,Entrepreneur,614.6,21.74553122931893,369.07139640779815
206,20787.69,1999.3075,5940,Entrepreneur,614.6,21.74553122931893,189.4935835420397
207,20787.69,1999.3075,5941,Entrepreneur,614.6,21.74553122931893,375.96322611424887
208,34290.12,2697.51,5946,Writer,2686.81,50.45037518047948,106.56906008284685
209,34290.12,2697.51,5947,Writer,2686.81,50.45037518047948,196.5585016421765
210,34290.12,2697.51,5948,Writer,2686.81,50.45037518047948,274.0494813296189
211,34290.12,2697.51,5949,Writer,2686.81,50.45037518047948,255.16424338366824
212,34290.12,2697.51,5950,Writer,2686.81,50.45037518047948,44.56717523918351
213,34290.12,2697.51,5951,Writer,2686.81,50.45037518047948,225.6921063427557
214,34290.12,2697.51,5952,Writer,2686.81,50.45037518047948,150.5458133501653
215,34290.12,2697.51,5953,Writer,2686.81,50.45037518047948,249.72180093760983
216,43070.24,3622.186666666666,5958,Accountant,1233.1,28.187146041020004,224.64033293325656
217,43070.24,3622.186666666666,5959,Accountant,1233.1,28.187146041020004,177.7239076714328
218,43070.24,3622.186666666666,5960,Accountant,1233.1,28.187146041020004,521.1334329885384
219,43070.24,3622.186666666666,5961,Accountant,1233.1,28.187146041020004,506.7222069702167
220,43070.24,3622.186666666666,5962,Accountant,1233.1,28.187146041020004,423.54722341648034
221,43070.24,3622.186666666666,5963,Accountant,1233.1,28.187146041020004,530.3086017809576
222,43070.24,3622.186666666666,5964,Accountant,1233.1,28.187146041020004,493.0191349532733
223,43070.24,3622.186666666666,5965,Accountant,1233.1,28.187146041020004,218.125772992596
224,28572.39,2210.0325,5970,Architect,400.07,25.99346229581731,348.54982237062416
225,28572.39,2210.0325,5971,Architect,400.07,25.99346229581731,358.3561205073625
226,28572.39,2210.0325,5972,Architect,400.07,25.99346229581731,347.9161262330041
227,28572.39,2210.0325,5973,Architect,400.07,25.99346229581731,375.4068672221926
228,28572.39,2210.0325,5974,Architect,400.07,25.99346229581731,339.77222038318
229,28572.39,2210.0325,5975,Architect,400.07,25.99346229581731,312.13549486074794
230,28572.39,2210.0325,5976,Architect,400.07,25.99346229581731,364.7925206263362
231,28572.39,2210.0325,5977,Architect,400.07,25.99346229581731,339.5694705464602
232,39641.54,3007.461666666666,5982,Manager,2258.73,115.70679748009908,151.44861414401805
233,39641.54,3007.461666666666,5983,Manager,2258.73,115.70679748009908,162.28605740934154
234,39641.54,3007.461666666666,5984,Manager,2258.73,115.70679748009908,190.3215159058186
235,39641.54,3007.461666666666,5985,Manager,2258.73,115.70679748009908,164.3425193702689
236,39641.54,3007.461666666666,5986,Manager,2258.73,115.70679748009908,154.1032667709486
237,39641.54,3007.461666666666,5987,Manager,2258.73,115.70679748009908,296.21518828384137
238,39641.54,3007.461666666666,5988,Manager,2258.73,115.70679748009908,237.6910948066423
239,39641.54,3007.461666666666,5989,Manager,2258.73,115.70679748009908,249.09583314931015
240,20186.02,1684.168333333333,5994,Scientist,413.32,14.29027334711074,334.6679090581607
241,20186.02,1684.168333333333,5995,Scientist,413.32,14.29027334711074,336.2631075420108
242,20186.02,1684.168333333333,5996,Scientist,413.32,14.29027334711074,362.591772991399
243,20186.02,1684.168333333333,5997,Scientist,413.32,14.29027334711074,294.1584160682732
244,20186.02,1684.168333333333,5998,Scientist,413.32,14.29027334711074,270.0790921376937
245,20186.02,1684.168333333333,5999,Scientist,413.32,14.29027334711074,319.9255246757902
246,20186.02,1684.168333333333,6000,Scientist,413.32,14.29027334711074,307.1168233524877
247,20186.02,1684.168333333333,6001,Scientist,413.32,14.29027334711074,265.3434531718558
248,18627.64,1387.303333333333,6006,Musician,1793.54,24.34618840548105,275.15086221005004
249,18627.64,1387.303333333333,6007,Musician,1793.54,24.34618840548105,299.757585750281
250,18627.64,1387.303333333333,6008,Musician,1793.54,24.34618840548105,258.441696002076
251,18627.64,1387.303333333333,6009,Musician,1793.54,24.34618840548105,277.7994566527644
252,18627.64,1387.303333333333,6010,Musician,1793.54,24.34618840548105,289.24465715224005
253,18627.64,1387.303333333333,6011,Musician,1793.54,24.34618840548105,243.998813262945
254,18627.64,1387.303333333333,6012,Musician,1793.54,24.34618840548105,259.36286597875085
255,18627.64,1387.303333333333,6013,Musician,1793.54,24.34618840548105,264.7866558188465
256,12986.745,959.22875,6018,Engineer,1489.49,16.286719355483015,312.91685541674093
257,12986.745,959.22875,6019,Engineer,1489.49,16.286719355483015,315.0105713246774
258,12986.745,959.22875,6020,Engineer,1489.49,16.286719355483015,311.93689426156163
259,12986.745,959.22875,6021,Engineer,1489.49,16.286719355483015,272.84829696090753
260,12986.745,959.22875,6022,Engineer,1489.49,16.286719355483015,296.85706126740985
261,12986.745,959.22875,6023,Engineer,1489.49,16.286719355483015,257.9459443042875
262,12986.745,959.22875,6024,Engineer,1489.49,16.286719355483015,322.45398441393667
263,12986.745,959.22875,6025,Engineer,1489.49,16.286719355483015,277.37409296681784
264,58317.0,4664.75,6030,Writer,98.97,57.95122336180115,467.0888509607195
265,58317.0,4664.75,6031,Writer,98.97,57.95122336180115,483.2773923925665
266,58317.0,4664.75,6032,Writer,98.97,57.95122336180115,498.6265772171906
267,58317.0,4664.75,6033,Writer,98.97,57.95122336180115,407.9295246244412
268,58317.0,4664.75,6034,Writer,98.97,57.95122336180115,415.7472272269445
269,58317.0,4664.75,6035,Writer,98.97,57.95122336180115,467.6972927960543
270,58317.0,4664.75,6036,Writer,98.97,57.95122336180115,215.9920995688854
271,58317.0,4664.75,6037,Writer,98.97,57.95122336180115,506.6218130829959
272,42171.98,3764.331666666667,6042,Scientist,556.91,56.71137669245967,466.9588768571167
273,42171.98,3764.331666666667,6043,Scientist,556.91,56.71137669245967,426.6872521022305
274,42171.98,3764.331666666667,6044,Scientist,556.91,56.71137669245967,446.1034972358877
275,42171.98,3764.331666666667,6045,Scientist,556.91,56.71137669245967,287.9044251316435
276,42171.98,3764.331666666667,6046,Scientist,556.91,56.71137669245967,373.3570665655803
277,42171.98,3764.331666666667,6047,Scientist,556.91,56.71137669245967,451.1598549184226
278,42171.98,3764.331666666667,6048,Scientist,556.91,56.71137669245967,431.0904514153552
279,42171.98,3764.331666666667,6049,Scientist,556.91,56.71137669245967,378.27101101142586
280,71681.4,5799.45,6054,Manager,1293.02,74.60290879544424,514.7294041194536
281,71681.4,5799.45,6055,Manager,1293.02,74.60290879544424,638.6903434079869
282,71681.4,5799.45,6056,Manager,1293.02,74.60290879544424,562.7017640915751
283,71681.4,5799.45,6057,Manager,1293.02,74.60290879544424,645.13134398301
284,71681.4,5799.45,6058,Manager,1293.02,74.60290879544424,358.0953999823698
285,71681.4,5799.45,6059,Manager,1293.02,74.60290879544424,391.1249366446912
286,71681.4,5799.45,6060,Manager,1293.02,74.60290879544424,642.6718243437651
287,71681.4,5799.45,6061,Manager,1293.02,74.60290879544424,510.20959003413424
288,29469.98,2227.8316666666665,6066,Mechanic,3421.66,24.066131449353737,363.27211196971183
289,29469.98,2227.8316666666665,6067,Mechanic,3421.66,24.066131449353737,287.6059398340756
290,29469.98,2227.8316666666665,6068,Mechanic,3421.66,24.066131449353737,360.39105627348687
291,29469.98,2227.8316666666665,6069,Mechanic,3421.66,24.066131449353737,375.84691346186537
292,29469.98,2227.8316666666665,6070,Mechanic,3421.66,24.066131449353737,361.8333223203256
293,29469.98,2227.8316666666665,6071,Mechanic,3421.66,24.066131449353737,325.7873919548623
294,29469.98,2227.8316666666665,6072,Mechanic,3421.66,24.066131449353737,327.64429236841744
295,29469.98,2227.8316666666665,6073,Mechanic,3421.66,24.066131449353737,379.0315766450331
296,72559.36,6284.613333333334,6078,Engineer,1173.7,82.49686626015253,116.87877742765828
297,72559.36,6284.613333333334,6079,Engineer,1173.7,82.49686626015253,456.9011727399487
298,72559.36,6284.613333333334,6080,Engineer,1173.7,82.49686626015253,322.152188516329
299,72559.36,6284.613333333334,6081,Engineer,1173.7,82.49686626015253,393.9234502273519
300,72559.36,6284.613333333334,6082,Engineer,1173.7,82.49686626015253,535.3119037936099
301,72559.36,6284.613333333334,6083,Engineer,1173.7,82.49686626015253,489.6599851654931
302,72559.36,6284.613333333334,6084,Engineer,1173.7,82.49686626015253,580.1252964342092
303,72559.36,6284.613333333334,6085,Engineer,1173.7,82.49686626015253,556.9042896166172
304,15566.02,1423.168333333333,6090,Musician,1693.95,46.57667279779648,323.25972821038425
305,15566.02,1423.168333333333,6091,Musician,1693.95,46.57667279779648,219.6253336354196
306,15566.02,1423.168333333333,6092,Musician,1693.95,46.57667279779648,302.669640933221
307,15566.02,1423.168333333333,6093,Musician,1693.95,46.57667279779648,294.9469971838091
308,15566.02,1423.168333333333,6094,Musician,1693.95,46.57667279779648,200.38020002973877
309,15566.02,1423.168333333333,6095,Musician,1693.95,46.57667279779648,257.6337921872101
310,15566.02,1423.168333333333,6096,Musician,1693.95,46.57667279779648,308.76189362947565
311,15566.02,1423.168333333333,6097,Musician,1693.95,46.57667279779648,333.9677311876703
312,66567.32,5800.276666666668,6102,Developer,233.79,66.6883582507525,518.1908835490624
313,66567.32,5800.276666666668,6103,Developer,233.79,66.6883582507525,217.79609612955545
314,66567.32,5800.276666666668,6104,Developer,233.79,66.6883582507525,217.79609612955545
315,66567.32,5800.276666666668,6105,Developer,233.79,66.6883582507525,222.9194043444149
316,66567.32,5800.276666666668,6106,Developer,233.79,66.6883582507525,580.3130008200893
317,66567.32,5800.276666666668,6107,Developer,233.79,66.6883582507525,663.0604357569674
318,66567.32,5800.276666666668,6108,Developer,233.79,66.6883582507525,663.149947525053
319,66567.32,5800.276666666668,6109,Developer,233.79,66.6883582507525,636.9940772304436
320,12909.895,853.8245833333333,6114,Media_Manager,602.5,20.446680591816467,334.93577774151686
321,12909.895,853.8245833333333,6115,Media_Manager,602.5,20.446680591816467,308.2207383832292
322,12909.895,853.8245833333333,6116,Media_Manager,602.5,20.446680591816467,261.18250685271124
323,12909.895,853.8245833333333,6117,Media_Manager,602.5,20.446680591816467,264.4082365276026
324,12909.895,853.8245833333333,6118,Media_Manager,602.5,20.446680591816467,310.8544877897391
325,12909.895,853.8245833333333,6119,Media_Manager,602.5,20.446680591816467,334.3696316824869
326,12909.895,853.8245833333333,6120,Media_Manager,602.5,20.446680591816467,323.89291581859754
327,12909.895,853.8245833333333,6121,Media_Manager,602.5,20.446680591816467,305.32982356687063
328,30788.44,2623.703333333333,6126,Accountant,3470.08,53.6486433406095,185.69849562207088
329,30788.44,2623.703333333333,6127,Accountant,3470.08,53.6486433406095,344.1886690937858
330,30788.44,2623.703333333333,6128,Accountant,3470.08,53.6486433406095,335.4938144783348
331,30788.44,2623.703333333333,6129,Accountant,3470.08,53.6486433406095,340.52372409578857
332,30788.44,2623.703333333333,6130,Accountant,3470.08,53.6486433406095,331.90865780859343
333,30788.44,2623.703333333333,6131,Accountant,3470.08,53.6486433406095,334.85318784734267
334,30788.44,2623.703333333333,6132,Accountant,3470.08,53.6486433406095,327.7490915000335
335,30788.44,2623.703333333333,6133,Accountant,3470.08,53.6486433406095,195.30496318291688
336,20574.47,1740.539166666667,6138,Architect,749.95,23.56048988935808,268.80477235168075
337,20574.47,1740.539166666667,6139,Architect,749.95,23.56048988935808,309.74074067429456
338,20574.47,1740.539166666667,6140,Architect,749.95,23.56048988935808,267.45972450799104
339,20574.47,1740.539166666667,6141,Architect,749.95,23.56048988935808,349.54384591241774
340,20574.47,1740.539166666667,6142,Architect,749.95,23.56048988935808,254.72668807344257
341,20574.47,1740.539166666667,6143,Architect,749.95,23.56048988935808,222.33318139195245
342,20574.47,1740.539166666667,6144,Architect,749.95,23.56048988935808,275.43145862845853
343,20574.47,1740.539166666667,6145,Architect,749.95,23.56048988935808,322.7377425973424
344,148699.32,12432.61,6150,Lawyer,949.38,237.91838093113248,822.1939946638072
345,148699.32,12432.61,6151,Lawyer,949.38,237.91838093113248,880.4274416639964
346,148699.32,12432.61,6152,Lawyer,949.38,237.91838093113248,705.6144781572356
347,148699.32,12432.61,6153,Lawyer,949.38,237.91838093113248,558.8839897834979
348,148699.32,12432.61,6154,Lawyer,949.38,237.91838093113248,853.5473978404586
349,148699.32,12432.61,6155,Lawyer,949.38,237.91838093113248,277.2301534308226
350,148699.32,12432.61,6156,Lawyer,949.38,237.91838093113248,785.5315566758761
351,148699.32,12432.61,6157,Lawyer,949.38,237.91838093113248,799.437983215134
352,85554.03,7185.5025,6162,Musician,1095.73,57.04699053352163,795.554663772378
353,85554.03,7185.5025,6163,Musician,1095.73,57.04699053352163,886.9776435574988
354,85554.03,7185.5025,6164,Musician,1095.73,57.04699053352163,840.0253760517992
355,85554.03,7185.5025,6165,Musician,1095.73,57.04699053352163,684.8855633501927
356,85554.03,7185.5025,6166,Musician,1095.73,57.04699053352163,887.7276173808908
357,85554.03,7185.5025,6167,Musician,1095.73,57.04699053352163,523.1224763436421
358,85554.03,7185.5025,6168,Musician,1095.73,57.04699053352163,273.6508992743441
359,85554.03,7185.5025,6169,Musician,1095.73,57.04699053352163,879.7520667701468
360,55829.79,4369.4825,6174,Entrepreneur,3422.49,79.93896964172495,63.24697621142922
361,55829.79,4369.4825,6175,Entrepreneur,3422.49,79.93896964172495,257.50499429610903
362,55829.79,4369.4825,6176,Entrepreneur,3422.49,79.93896964172495,250.040215237588
363,55829.79,4369.4825,6177,Entrepreneur,3422.49,79.93896964172495,209.8231547633104
364,55829.79,4369.4825,6178,Entrepreneur,3422.49,79.93896964172495,199.99991470063443
365,55829.79,4369.4825,6179,Entrepreneur,3422.49,79.93896964172495,255.1463520412192
366,55829.79,4369.4825,6180,Entrepreneur,3422.49,79.93896964172495,219.74240475536905
367,55829.79,4369.4825,6181,Entrepreneur,3422.49,79.93896964172495,156.31696337543542
368,14165.23,1057.4358333333332,6186,Architect,2797.17,45.62644681511021,246.32435693137435
369,14165.23,1057.4358333333332,6187,Architect,2797.17,45.62644681511021,252.01660303526413
370,14165.23,1057.4358333333332,6188,Architect,2797.17,45.62644681511021,212.8183043918306
371,14165.23,1057.4358333333332,6189,Architect,2797.17,45.62644681511021,241.20026053148297
372,14165.23,1057.4358333333332,6190,Architect,2797.17,45.62644681511021,221.1183879003021
373,14165.23,1057.4358333333332,6191,Architect,2797.17,45.62644681511021,283.0152596009118
374,14165.23,1057.4358333333332,6192,Architect,2797.17,45.62644681511021,281.2486956796147
375,14165.23,1057.4358333333332,6193,Architect,2797.17,45.62644681511021,202.9925647570092
376,87215.68,7489.973333333332,6198,Teacher,680.77,85.0897706786984,333.29198185875254
377,87215.68,7489.973333333332,6199,Teacher,680.77,85.0897706786984,760.3649552023904
378,87215.68,7489.973333333332,6200,Teacher,680.77,85.0897706786984,776.3343613074152
379,87215.68,7489.973333333332,6201,Teacher,680.77,85.0897706786984,653.1086426693676
380,87215.68,7489.973333333332,6202,Teacher,680.77,85.0897706786984,117.94095552111172
381,87215.68,7489.973333333332,6203,Teacher,680.77,85.0897706786984,694.2209473793729
382,87215.68,7489.973333333332,6204,Teacher,680.77,85.0897706786984,698.2044309879668
383,87215.68,7489.973333333332,6205,Teacher,680.77,85.0897706786984,573.112506174297
384,81842.28,6810.19,6210,Lawyer,3053.16,55.371438115591175,194.364477959624
385,81842.28,6810.19,6211,Lawyer,3053.16,55.371438115591175,204.21943594913583
386,81842.28,6810.19,6212,Lawyer,3053.16,55.371438115591175,174.48008732784763
387,81842.28,6810.19,6213,Lawyer,3053.16,55.371438115591175,34.04007764341981
388,81842.28,6810.19,6214,Lawyer,3053.16,55.371438115591175,34.04007764341981
389,81842.28,6810.19,6215,Lawyer,3053.16,55.371438115591175,181.87974633563567
390,81842.28,6810.19,6216,Lawyer,3053.16,55.371438115591175,185.0505808078686
391,81842.28,6810.19,6217,Lawyer,3053.16,55.371438115591175,267.57239008116403
392,95956.5,8279.375,6222,Doctor,1079.73,202.5717008716825,884.9056902902464
393,95956.5,8279.375,6223,Doctor,1079.73,202.5717008716825,717.1043478643835
394,95956.5,8279.375,6224,Doctor,1079.73,202.5717008716825,635.0574630753691
395,95956.5,8279.375,6225,Doctor,1079.73,202.5717008716825,389.00714932330817
396,95956.5,8279.375,6226,Doctor,1079.73,202.5717008716825,474.61369911452215
397,95956.5,8279.375,6227,Doctor,1079.73,202.5717008716825,251.37034215085896
398,95956.5,8279.375,6228,Doctor,1079.73,202.5717008716825,234.81379848817983
399,95956.5,8279.375,6229,Doctor,1079.73,202.5717008716825,450.3051884419152
400,49967.01,4091.9175,6234,Manager,2253.95,59.49541612485746,426.2564429902082
401,49967.01,4091.9175,6235,Manager,2253.95,59.49541612485746,390.9027070641753
402,49967.01,4091.9175,6236,Manager,2253.95,59.49541612485746,422.90997831124656
403,49967.01,4091.9175,6237,Manager,2253.95,59.49541612485746,160.01992196233283
404,49967.01,4091.9175,6238,Manager,2253.95,59.49541612485746,350.2676670403495
405,49967.01,4091.9175,6239,Manager,2253.95,59.49541612485746,436.30891916244417
406,49967.01,4091.9175,6240,Manager,2253.95,59.49541612485746,443.6930222123507
407,49967.01,4091.9175,6241,Manager,2253.95,59.49541612485746,386.8271443675515
408,39887.22,3224.935,6246,Developer,3119.6,37.210310126757285,270.0259039577801
409,39887.22,3224.935,6247,Developer,3119.6,37.210310126757285,295.7519293162445
410,39887.22,3224.935,6248,Developer,3119.6,37.210310126757285,159.53028091098705
411,39887.22,3224.935,6249,Developer,3119.6,37.210310126757285,176.93147792084778
412,39887.22,3224.935,6250,Developer,3119.6,37.210310126757285,342.9271729739859
413,39887.22,3224.935,6251,Developer,3119.6,37.210310126757285,315.0627851237822
414,39887.22,3224.935,6252,Developer,3119.6,37.210310126757285,337.3548473022599
415,39887.22,3224.935,6253,Developer,3119.6,37.210310126757285,303.082106174993
416,14129.76,1012.48,6258,Developer,4071.62,14.89687808240302,185.0894247172589
417,14129.76,1012.48,6259,Developer,4071.62,14.89687808240302,268.2488022345144
418,14129.76,1012.48,6260,Developer,4071.62,14.89687808240302,197.17389518677945
419,14129.76,1012.48,6261,Developer,4071.62,14.89687808240302,244.8559964836529
420,14129.76,1012.48,6262,Developer,4071.62,14.89687808240302,179.10953553854617
421,14129.76,1012.48,6263,Developer,4071.62,14.89687808240302,252.2245616305073
422,14129.76,1012.48,6264,Developer,4071.62,14.89687808240302,204.2323771755028
423,14129.76,1023.2175884600924,6265,Developer,4071.62,14.89687808240302,236.1591157352846
424,123732.32,10416.026666666668,6270,Developer,1154.46,96.70297297216996,940.3944827695152
425,123732.32,10416.026666666668,6271,Developer,1154.46,96.70297297216996,1157.8575217994078
426,123732.32,10416.026666666668,6272,Developer,1154.46,96.70297297216996,446.8881082020852
427,123732.32,10416.026666666668,6273,Developer,1154.46,96.70297297216996,789.4419359341587
428,123732.32,10416.026666666668,6274,Developer,1154.46,96.70297297216996,1162.421393877239
429,123732.32,10416.026666666668,6275,Developer,1154.46,96.70297297216996,446.8881082020852
430,123732.32,10416.026666666668,6276,Developer,1154.46,96.70297297216996,1120.751173160778
431,123732.32,10416.026666666668,6277,Developer,1154.46,96.70297297216996,731.7747267584301
432,17251.38,1654.615,6282,Writer,2431.64,23.472604725994863,273.37354013584763
433,17251.38,1654.615,6283,Writer,2431.64,23.472604725994863,321.51166082625457
434,17251.38,1654.615,6284,Writer,2431.64,23.472604725994863,245.66643378631576
435,17251.38,1654.615,6285,Writer,2431.64,23.472604725994863,228.8076747103441
436,17251.38,1654.615,6286,Writer,2431.64,23.472604725994863,296.19981901046907
437,17251.38,1654.615,6287,Writer,2431.64,23.472604725994863,334.03365167485015
438,17251.38,1654.615,6288,Writer,2431.64,23.472604725994863,304.826129870063
439,17251.38,1654.615,6289,Writer,2431.64,23.472604725994863,324.6377300850646
440,36822.29,3132.524166666666,6294,Entrepreneur,125.25,38.11405465744953,386.0433278085868
441,36822.29,3132.524166666666,6295,Entrepreneur,125.25,38.11405465744953,227.6608992535318
442,36822.29,3132.524166666666,6296,Entrepreneur,125.25,38.11405465744953,354.50760409580084
443,36822.29,3132.524166666666,6297,Entrepreneur,125.25,38.11405465744953,383.5191644025956
444,36822.29,3132.524166666666,6298,Entrepreneur,125.25,38.11405465744953,352.9692673148552
445,36822.29,3132.524166666666,6299,Entrepreneur,125.25,38.11405465744953,429.3376490850176
446,36822.29,3132.524166666666,6300,Entrepreneur,125.25,38.11405465744953,425.9218905014295
447,36822.29,3132.524166666666,6301,Entrepreneur,125.25,38.11405465744953,245.4682923281264
448,80108.31,6866.6925,6306,Doctor,997.28,52.18981024031869,829.6035974828641
449,80108.31,6866.6925,6307,Doctor,997.28,52.18981024031869,874.4794397596812
450,80108.31,6866.6925,6308,Doctor,997.28,52.18981024031869,407.5699589254477
451,80108.31,6866.6925,6309,Doctor,997.28,52.18981024031869,803.4807268582417
452,80108.31,6866.6925,6310,Doctor,997.28,52.18981024031869,625.2923728116508
453,80108.31,6866.6925,6311,Doctor,997.28,52.18981024031869,708.5727909082902
454,80108.31,6866.6925,6312,Doctor,997.28,52.18981024031869,799.4042335851245
455,80108.31,6866.6925,6313,Doctor,997.28,52.18981024031869,808.7829610365477
456,69977.6,5978.466666666667,6318,Scientist,3042.36,64.66200289302631,16.96991962983043
457,69977.6,5978.466666666667,6319,Scientist,3042.36,64.66200289302631,16.96991962983043
458,69977.6,5978.466666666667,6320,Scientist,3042.36,64.66200289302631,214.1906424350605
459,69977.6,5978.466666666667,6321,Scientist,3042.36,64.66200289302631,141.33006540592768
460,69977.6,5978.466666666667,6322,Scientist,3042.36,64.66200289302631,229.36516592196105
461,69977.6,5978.466666666667,6323,Scientist,3042.36,64.66200289302631,59.88619326700882
462,69977.6,5978.466666666667,6324,Scientist,3042.36,64.66200289302631,16.96991962983043
463,69977.6,5978.466666666667,6325,Scientist,3042.36,64.66200289302631,16.96991962983043
464,78988.48,6449.373333333332,6330,Musician,1746.9,88.07126673833417,515.0833062528462
465,78988.48,6449.373333333332,6331,Musician,1746.9,88.07126673833417,193.57886096723757
466,78988.48,6449.373333333332,6332,Musician,1746.9,88.07126673833417,327.54952392426674
467,78988.48,6449.373333333332,6333,Musician,1746.9,88.07126673833417,455.0014208638762
468,78988.48,6449.373333333332,6334,Musician,1746.9,88.07126673833417,75.19634822156159
469,78988.48,6449.373333333332,6335,Musician,1746.9,88.07126673833417,233.9059893890648
470,78988.48,6449.373333333332,6336,Musician,1746.9,88.07126673833417,176.78510849935338
471,78988.48,6449.373333333332,6337,Musician,1746.9,88.07126673833417,431.07297157613885
472,41746.76,3651.896666666667,6342,Journalist,1936.79,31.56000965684301,127.802446928115
473,41746.76,3651.896666666667,6343,Journalist,1936.79,31.56000965684301,471.3462594659808
474,41746.76,3651.896666666667,6344,Journalist,1936.79,31.56000965684301,362.158998081632
475,41746.76,3651.896666666667,6345,Journalist,1936.79,31.56000965684301,398.4837990809866
476,41746.76,3651.896666666667,6346,Journalist,1936.79,31.56000965684301,460.11439815191017
477,41746.76,3651.896666666667,6347,Journalist,1936.79,31.56000965684301,323.77866339392136
478,41746.76,3651.896666666667,6348,Journalist,1936.79,31.56000965684301,409.3000688712968
479,41746.76,3651.896666666667,6349,Journalist,1936.79,31.56000965684301,416.90940018452966
480,19981.6,1459.1333333333332,6354,Media_Manager,4834.59,32.8700308749406,287.71265845270665
481,19981.6,1459.1333333333332,6355,Media_Manager,4834.59,32.8700308749406,291.57339396568284
482,19981.6,1459.1333333333332,6356,Media_Manager,4834.59,32.8700308749406,236.99911711869143
483,19981.6,1459.1333333333332,6357,Media_Manager,4834.59,32.8700308749406,278.0262579427779
484,19981.6,1459.1333333333332,6358,Media_Manager,4834.59,32.8700308749406,239.4320793078569
485,19981.6,1459.1333333333332,6359,Media_Manager,4834.59,32.8700308749406,285.05972557745486
486,19981.6,1459.1333333333332,6360,Media_Manager,4834.59,32.8700308749406,206.65986483158264
487,19981.6,1459.1333333333332,6361,Media_Manager,4834.59,32.8700308749406,185.85523446234865
488,73737.36,5936.78,6366,Lawyer,1219.39,77.26602559532006,541.5985112035703
489,73737.36,5936.78,6367,Lawyer,1219.39,77.26602559532006,515.7021317837833
490,73737.36,5936.78,6368,Lawyer,1219.39,77.26602559532006,337.72186904052705
491,73737.36,5936.78,6369,Lawyer,1219.39,77.26602559532006,474.9900752912301
492,73737.36,5936.78,6370,Lawyer,1219.39,77.26602559532006,244.806125641626
493,73737.36,5936.78,6371,Lawyer,1219.39,77.26602559532006,440.2902043627421
494,73737.36,5936.78,6372,Lawyer,1219.39,77.26602559532006,413.7965621486176
495,73737.36,5936.78,6373,Lawyer,1219.39,77.26602559532006,220.40853746947613
496,88362.46,7255.538333333334,6378,Musician,325.93,78.92670382261053,569.0421477940597
497,88362.46,7255.538333333334,6379,Musician,325.93,78.92670382261053,321.5940154602212
498,88362.46,7255.538333333334,6380,Musician,325.93,78.92670382261053,586.7995633407478
499,88362.46,7255.538333333334,6381,Musician,325.93,78.92670382261053,480.9882101805362
500,88362.46,7255.538333333334,6382,Musician,325.93,78.92670382261053,40.66430408772089
501,88362.46,7255.538333333334,6383,Musician,325.93,78.92670382261053,579.759333180964
502,88362.46,7255.538333333334,6384,Musician,325.93,78.92670382261053,419.9102852481792
503,88362.46,7255.538333333334,6385,Musician,325.93,78.92670382261053,674.2980966361563
504,118248.6,10115.05,6390,Entrepreneur,191.09,186.5091567501205,1023.8862584616704
505,118248.6,10115.05,6391,Entrepreneur,191.09,186.5091567501205,942.7407829446952
506,118248.6,10115.05,6392,Entrepreneur,191.09,186.5091567501205,755.6052658551358
507,118248.6,10115.05,6393,Entrepreneur,191.09,186.5091567501205,1142.1479360533442
508,118248.6,10115.05,6394,Entrepreneur,191.09,186.5091567501205,600.9270939122782
509,118248.6,10115.05,6395,Entrepreneur,191.09,186.5091567501205,936.8794294508784
510,118248.6,10115.05,6396,Entrepreneur,191.09,186.5091567501205,782.0757975792985
511,118248.6,10115.05,6397,Entrepreneur,191.09,186.5091567501205,687.0398864666978
512,60162.1,5197.508333333333,6402,Scientist,1037.45,80.01264638361248,469.5244602457725
513,60162.1,5197.508333333333,6403,Scientist,1037.45,80.01264638361248,396.0895664351806
514,60162.1,5197.508333333333,6404,Scientist,1037.45,80.01264638361248,364.98395809224434
515,60162.1,5197.508333333333,6405,Scientist,1037.45,80.01264638361248,213.15128193436323
516,60162.1,5197.508333333333,6406,Scientist,1037.45,80.01264638361248,452.69243352775385
517,60162.1,5197.508333333333,6407,Scientist,1037.45,80.01264638361248,118.97692855235545
518,60162.1,5197.508333333333,6408,Scientist,1037.45,80.01264638361248,451.8138963143547
519,60162.1,5197.508333333333,6409,Scientist,1037.45,80.01264638361248,347.77063920563216
520,75273.24,6552.77,6414,Musician,2497.34,73.1795426964801,548.0256556303023
521,75273.24,6552.77,6415,Musician,2497.34,73.1795426964801,220.5696596915619
522,75273.24,6552.77,6416,Musician,2497.34,73.1795426964801,510.469079343893
523,75273.24,6552.77,6417,Musician,2497.34,73.1795426964801,512.3427847147107
524,75273.24,6424.022011446845,6418,Musician,2497.34,73.1795426964801,541.4700336881556
525,75273.24,6424.022011446845,6419,Musician,2497.34,73.1795426964801,595.9706329866167
526,75273.24,6424.022011446845,6420,Musician,2497.34,73.1795426964801,609.4784011819987
527,75273.24,6424.022011446845,6421,Musician,2497.34,73.1795426964801,343.1662236375567
528,54820.89,4295.4075,6426,Media_Manager,4795.13,58.18904643278668,70.47299093393599
529,54820.89,4295.4075,6427,Media_Manager,4795.13,58.18904643278668,320.18664337755314
530,54820.89,4295.4075,6428,Media_Manager,4795.13,58.18904643278668,417.8363689042224
531,54820.89,4295.4075,6429,Media_Manager,4795.13,58.18904643278668,412.7920925296537
532,54820.89,4295.4075,6430,Media_Manager,4795.13,58.18904643278668,190.50460287978808
533,54820.89,4295.4075,6431,Media_Manager,4795.13,58.18904643278668,260.37008159012686
534,54820.89,4295.4075,6432,Media_Manager,4795.13,58.18904643278668,332.92709671275964
535,54820.89,4295.4075,6433,Media_Manager,4795.13,58.18904643278668,391.1806898285784
536,58674.66,4824.555,6438,Entrepreneur,2425.38,69.22823274816861,484.9722526208622
537,58674.66,4824.555,6439,Entrepreneur,2425.38,69.22823274816861,393.61878724940544
538,58674.66,4824.555,6440,Entrepreneur,2425.38,69.22823274816861,463.805592475152
539,58674.66,4824.555,6441,Entrepreneur,2425.38,69.22823274816861,537.1238503372147
540,58674.66,4824.555,6442,Entrepreneur,2425.38,69.22823274816861,492.9561815729719
541,58674.66,4824.555,6443,Entrepreneur,2425.38,69.22823274816861,27.642930962813978
542,58674.66,4824.555,6444,Entrepreneur,2425.38,69.22823274816861,395.8692431762713
543,58674.66,4824.555,6445,Entrepreneur,2425.38,69.22823274816861,322.0829185736557
544,30390.44,2721.5366666666664,6450,Architect,580.31,45.18470250450465,407.29362817352256
545,30390.44,2721.5366666666664,6451,Architect,580.31,45.18470250450465,327.6921887703037
546,30390.44,2721.5366666666664,6452,Architect,580.31,45.18470250450465,327.4436391537588
547,30390.44,2721.5366666666664,6453,Architect,580.31,45.18470250450465,396.3910318073632
548,30390.44,2721.5366666666664,6454,Architect,580.31,45.18470250450465,307.42925415086404
549,30390.44,2721.5366666666664,6455,Architect,580.31,45.18470250450465,271.38584039372057
550,30390.44,2721.5366666666664,6456,Architect,580.31,45.18470250450465,378.5195194947904
551,30390.44,2721.5366666666664,6457,Architect,580.31,45.18470250450465,369.370450498305
552,45207.54,3507.295,6462,Doctor,2497.48,32.07149617579405,401.9859971911333
553,45207.54,3507.295,6463,Doctor,2497.48,32.07149617579405,116.08316042874576
554,45207.54,3507.295,6464,Doctor,2497.48,32.07149617579405,407.1341930922901
555,45207.54,3507.295,6465,Doctor,2497.48,32.07149617579405,320.7200585736892
556,45207.54,3507.295,6466,Doctor,2497.48,32.07149617579405,362.72912819760046
557,45207.54,3507.295,6467,Doctor,2497.48,32.07149617579405,396.25254723646265
558,45207.54,3507.295,6468,Doctor,2497.48,32.07149617579405,306.9534680498265
559,45207.54,3507.295,6469,Doctor,2497.48,32.07149617579405,159.89049738267485
560,144546.72,11809.56,6474,Scientist,1045.11,103.9012093399207,730.5558529037837
561,144546.72,11809.56,6475,Scientist,1045.11,103.9012093399207,1026.919210516303
562,144546.72,11809.56,6476,Scientist,1045.11,103.9012093399207,1180.066234041289
563,144546.72,11809.56,6477,Scientist,1045.11,103.9012093399207,1078.4925753226107
564,144546.72,11809.56,6478,Scientist,1045.11,103.9012093399207,14.118726630431638
565,144546.72,10653.043107889978,6479,Scientist,1045.11,103.9012093399207,878.7840308581748
566,144546.72,10653.043107889978,6480,Scientist,1045.11,103.9012093399207,430.6042858705389
567,144546.72,10653.043107889978,6481,Scientist,1045.11,103.9012093399207,1057.4585075394102
568,30346.35,2651.8625,6486,Engineer,523.56,29.045193182720087,313.35659490235275
569,30346.35,2651.8625,6487,Engineer,523.56,29.045193182720087,125.97880822660112
570,30346.35,2651.8625,6488,Engineer,523.56,29.045193182720087,342.1657430371363
571,30346.35,2651.8625,6489,Engineer,523.56,29.045193182720087,319.84361127377355
572,30346.35,2651.8625,6490,Engineer,523.56,29.045193182720087,322.0163948345707
573,30346.35,2651.8625,6491,Engineer,523.56,29.045193182720087,306.85536971301985
574,30346.35,2651.8625,6492,Engineer,523.56,29.045193182720087,348.83649599209014
575,30346.35,2651.8625,6493,Engineer,523.56,29.045193182720087,389.4197766047106
576,18681.465,1584.78875,6498,Mechanic,327.88,32.94987664874939,351.56102940919675
577,18681.465,1584.78875,6499,Mechanic,327.88,32.94987664874939,283.0026941920052
578,18681.465,1584.78875,6500,Mechanic,327.88,32.94987664874939,338.3258280088132
579,18681.465,1584.78875,6501,Mechanic,327.88,32.94987664874939,333.0821143389822
580,18681.465,1584.78875,6502,Mechanic,327.88,32.94987664874939,345.86398534317686
581,18681.465,1584.78875,6503,Mechanic,327.88,32.94987664874939,272.550018655969
582,18681.465,1584.78875,6504,Mechanic,327.88,32.94987664874939,360.70757337259016
583,18681.465,1584.78875,6505,Mechanic,327.88,32.94987664874939,209.55769711416409
584,9841.34,690.1116666666667,6510,Scientist,4984.82,13.486314391796205,263.00336095618786
585,9841.34,690.1116666666667,6511,Scientist,4984.82,13.486314391796205,256.4117078084784
586,9841.34,690.1116666666667,6512,Scientist,4984.82,13.486314391796205,259.4705363712452
587,9841.34,690.1116666666667,6513,Scientist,4984.82,13.486314391796205,279.6342996267332
588,9841.34,690.1116666666667,6514,Scientist,4984.82,13.486314391796205,254.3920292312758
589,9841.34,690.1116666666667,6515,Scientist,4984.82,13.486314391796205,247.6112567473491
590,9841.34,690.1116666666667,6516,Scientist,4984.82,13.486314391796205,254.8495576983637
591,9841.34,690.1116666666667,6517,Scientist,4984.82,13.486314391796205,271.92958653361853
592,72330.98,6300.581666666666,6522,Media_Manager,596.78,48.328753294668296,488.1321720079125
593,72330.98,6300.581666666666,6523,Media_Manager,596.78,48.328753294668296,676.9348393325715
594,72330.98,6300.581666666666,6524,Media_Manager,596.78,48.328753294668296,728.6112637655136
595,72330.98,6300.581666666666,6525,Media_Manager,596.78,48.328753294668296,187.01842480523464
596,72330.98,6300.581666666666,6526,Media_Manager,596.78,48.328753294668296,519.4494513894215
597,72330.98,6300.581666666666,6527,Media_Manager,596.78,48.328753294668296,790.3496192135598
598,72330.98,6300.581666666666,6528,Media_Manager,596.78,48.328753294668296,691.6532548471718
599,72330.98,6300.581666666666,6529,Media_Manager,596.78,48.328753294668296,567.4558542153737
600,43241.49,3580.4575,6534,Teacher,2174.16,38.567458704402725,75.61653778367943
601,43241.49,3580.4575,6535,Teacher,2174.16,38.567458704402725,383.33426157801193
602,43241.49,3580.4575,6536,Teacher,2174.16,38.567458704402725,255.4173978492412
603,43241.49,3282.269196467356,6537,Teacher,2174.16,38.567458704402725,286.45086356713523
604,43241.49,3580.4575,6538,Teacher,2174.16,38.567458704402725,372.2102036445704
605,43241.49,3580.4575,6539,Teacher,2174.16,38.567458704402725,351.68218765955226
606,43241.49,3282.269196467356,6540,Teacher,2174.16,38.567458704402725,394.9751617282457
607,43241.49,3282.269196467356,6541,Teacher,2174.16,38.567458704402725,351.20639213011737
608,34106.78,2767.231666666666,6546,Mechanic,996.54,24.071903173565943,451.5714293193701
609,34106.78,2767.231666666666,6547,Mechanic,996.54,24.071903173565943,492.6512634931007
610,34106.78,2767.231666666666,6548,Mechanic,996.54,24.071903173565943,410.9212778310192
611,34106.78,2767.231666666666,6549,Mechanic,996.54,24.071903173565943,330.35773076990813
612,34106.78,2767.231666666666,6550,Mechanic,996.54,24.071903173565943,228.7195151737745
613,34106.78,2767.231666666666,6551,Mechanic,996.54,24.071903173565943,448.04879135194807
614,34106.78,2767.231666666666,6552,Mechanic,996.54,24.071903173565943,407.3763374175392
615,34106.78,2767.231666666666,6553,Mechanic,996.54,24.071903173565943,448.84782234976007
616,129067.59,10795.6325,6558,Teacher,137.15,112.01452602775016,715.0400896147321
617,129067.59,10795.6325,6559,Teacher,137.15,112.01452602775016,459.0461476178417
618,129067.59,10795.6325,6560,Teacher,137.15,112.01452602775016,803.9885700984828
619,129067.59,10795.6325,6561,Teacher,137.15,112.01452602775016,404.8901991851623
620,129067.59,10795.6325,6562,Teacher,137.15,112.01452602775016,818.2430515197269
621,129067.59,10795.6325,6563,Teacher,137.15,112.01452602775016,665.5175669822443
622,129067.59,10795.6325,6564,Teacher,137.15,112.01452602775016,232.3600476850177
623,129067.59,10795.6325,6565,Teacher,137.15,112.01452602775016,680.8960947411916
624,17001.34,1214.7783333333334,6570,Architect,1093.87,41.289065337162455,293.3867642130591
625,17001.34,1214.7783333333334,6571,Architect,1093.87,41.289065337162455,333.5981419944464
626,17001.34,1214.7783333333334,6572,Architect,1093.87,41.289065337162455,269.9710581101004
627,17001.34,1214.7783333333334,6573,Architect,1093.87,41.289065337162455,349.0370930232421
628,17001.34,1214.7783333333334,6574,Architect,1093.87,41.289065337162455,243.50307752537012
629,17001.34,1214.7783333333334,6575,Architect,1093.87,41.289065337162455,349.69652957988177
630,17001.34,1214.7783333333334,6576,Architect,1093.87,41.289065337162455,310.3498647316844
631,17001.34,1214.7783333333334,6577,Architect,1093.87,41.289065337162455,301.6478199340761
632,44719.17,3969.5975,6582,Accountant,3818.57,115.76449205650242,268.1086390702124
633,44719.17,3969.5975,6583,Accountant,3818.57,115.76449205650242,240.7038111317035
634,44719.17,3969.5975,6584,Accountant,3818.57,115.76449205650242,289.887858089722
635,44719.17,3969.5975,6585,Accountant,3818.57,115.76449205650242,102.1870192110742
636,44719.17,3969.5975,6586,Accountant,3818.57,115.76449205650242,106.2652312281657
637,44719.17,3969.5975,6587,Accountant,3818.57,115.76449205650242,281.89593715207883
638,44719.17,3969.5975,6588,Accountant,3818.57,115.76449205650242,35.1831327145523
639,44719.17,3969.5975,6589,Accountant,3818.57,115.76449205650242,282.5953720880596
640,17787.34,1242.2783333333334,6594,Accountant,730.9,28.516043623264604,321.865611420296
641,17787.34,1242.2783333333334,6595,Accountant,730.9,28.516043623264604,329.2701262935263
642,17787.34,1242.2783333333334,6596,Accountant,730.9,28.516043623264604,295.7436078244792
643,17787.34,1242.2783333333334,6597,Accountant,730.9,28.516043623264604,325.6481558257138
644,17787.34,1242.2783333333334,6598,Accountant,730.9,28.516043623264604,236.61172725961384
645,17787.34,1242.2783333333334,6599,Accountant,730.9,28.516043623264604,265.0158122010706
646,17787.34,1242.2783333333334,6600,Accountant,730.9,28.516043623264604,294.17785208095006
647,17787.34,1242.2783333333334,6601,Accountant,730.9,28.516043623264604,342.45038316560573
648,103353.06,8527.755,6606,Teacher,1374.56,67.10576784585814,857.8262026487407
649,103353.06,8527.755,6607,Teacher,1374.56,67.10576784585814,742.2910653919014
650,103353.06,8527.755,6608,Teacher,1374.56,67.10576784585814,855.5929759610934
651,103353.06,8527.755,6609,Teacher,1374.56,67.10576784585814,34.900202755879604
652,103353.06,8527.755,6610,Teacher,1374.56,67.10576784585814,863.325443676402
